,city,year,weekofyear,total_cases,week_start_date
0,sj,1990,18,4,1990-04-30
1,sj,1990,19,5,1990-05-07
2,sj,1990,20,4,1990-05-14
3,sj,1990,21,3,1990-05-21
4,sj,1990,22,6,1990-05-28
5,sj,1990,23,2,1990-06-04
6,sj,1990,24,4,1990-06-11
7,sj,1990,25,5,1990-06-18
8,sj,1990,26,10,1990-06-25
9,sj,1990,27,6,1990-07-02
10,sj,1990,28,8,1990-07-09
11,sj,1990,29,2,1990-07-16
12,sj,1990,30,6,1990-07-23
13,sj,1990,31,17,1990-07-30
14,sj,1990,32,23,1990-08-06
15,sj,1990,33,13,1990-08-13
16,sj,1990,34,21,1990-08-20
17,sj,1990,35,28,1990-08-27
18,sj,1990,36,24,1990-09-03
19,sj,1990,37,20,1990-09-10
20,sj,1990,38,40,1990-09-17
21,sj,1990,39,27,1990-09-24
22,sj,1990,40,42,1990-10-01
23,sj,1990,41,33,1990-10-08
24,sj,1990,42,43,1990-10-15
25,sj,1990,43,37,1990-10-22
26,sj,1990,44,57,1990-10-29
27,sj,1990,45,71,1990-11-05
28,sj,1990,46,44,1990-11-12
29,sj,1990,47,56,1990-11-19
30,sj,1990,48,53,1990-11-26
31,sj,1990,49,52,1990-12-03
32,sj,1990,50,47,1990-12-10
33,sj,1990,51,26,1990-12-17
34,sj,1990,52,27,1990-12-24
35,sj,1991,1,21,1991-01-01
36,sj,1991,2,21,1991-01-08
37,sj,1991,3,26,1991-01-15
38,sj,1991,4,34,1991-01-22
39,sj,1991,5,37,1991-01-29
40,sj,1991,6,17,1991-02-05
41,sj,1991,7,19,1991-02-12
42,sj,1991,8,25,1991-02-19
43,sj,1991,9,18,1991-02-26
44,sj,1991,10,21,1991-03-05
45,sj,1991,11,17,1991-03-12
46,sj,1991,12,17,1991-03-19
47,sj,1991,13,16,1991-03-26
48,sj,1991,14,16,1991-04-02
49,sj,1991,15,15,1991-04-09
50,sj,1991,16,23,1991-04-16
51,sj,1991,17,16,1991-04-23
52,sj,1991,18,17,1991-04-30
53,sj,1991,19,12,1991-05-07
54,sj,1991,20,17,1991-05-14
55,sj,1991,21,10,1991-05-21
56,sj,1991,22,15,1991-05-28
57,sj,1991,23,19,1991-06-04
58,sj,1991,24,21,1991-06-11
59,sj,1991,25,14,1991-06-18
60,sj,1991,26,18,1991-06-25
61,sj,1991,27,13,1991-07-02
62,sj,1991,28,14,1991-07-09
63,sj,1991,29,18,1991-07-16
64,sj,1991,30,23,1991-07-23
65,sj,1991,31,25,1991-07-30
66,sj,1991,32,62,1991-08-06
67,sj,1991,33,60,1991-08-13
68,sj,1991,34,76,1991-08-20
69,sj,1991,35,66,1991-08-27
70,sj,1991,36,64,1991-09-03
71,sj,1991,37,68,1991-09-10
72,sj,1991,38,89,1991-09-17
73,sj,1991,39,92,1991-09-24
74,sj,1991,40,140,1991-10-01
75,sj,1991,41,116,1991-10-08
76,sj,1991,42,142,1991-10-15
77,sj,1991,43,129,1991-10-22
78,sj,1991,44,140,1991-10-29
79,sj,1991,45,140,1991-11-05
80,sj,1991,46,127,1991-11-12
81,sj,1991,47,129,1991-11-19
82,sj,1991,48,169,1991-11-26
83,sj,1991,49,141,1991-12-03
84,sj,1991,50,108,1991-12-10
85,sj,1991,51,78,1991-12-17
86,sj,1991,52,70,1991-12-24
87,sj,1992,1,81,1992-01-01
88,sj,1992,2,104,1992-01-08
89,sj,1992,3,90,1992-01-15
90,sj,1992,4,85,1992-01-22
91,sj,1992,5,55,1992-01-29
92,sj,1992,6,53,1992-02-05
93,sj,1992,7,65,1992-02-12
94,sj,1992,8,33,1992-02-19
95,sj,1992,9,38,1992-02-26
96,sj,1992,10,59,1992-03-04
97,sj,1992,11,40,1992-03-11
98,sj,1992,12,37,1992-03-18
99,sj,1992,13,29,1992-03-25
100,sj,1992,14,30,1992-04-01
101,sj,1992,15,30,1992-04-08
102,sj,1992,16,28,1992-04-15
103,sj,1992,17,23,1992-04-22
104,sj,1992,18,24,1992-04-29
105,sj,1992,19,29,1992-05-06
106,sj,1992,20,26,1992-05-13
107,sj,1992,21,23,1992-05-20
108,sj,1992,22,20,1992-05-27
109,sj,1992,23,19,1992-06-03
110,sj,1992,24,20,1992-06-10
111,sj,1992,25,26,1992-06-17
112,sj,1992,26,29,1992-06-24
113,sj,1992,27,31,1992-07-01
114,sj,1992,28,28,1992-07-08
115,sj,1992,29,26,1992-07-15
116,sj,1992,30,32,1992-07-22
117,sj,1992,31,35,1992-07-29
118,sj,1992,32,33,1992-08-05
119,sj,1992,33,30,1992-08-12
120,sj,1992,34,52,1992-08-19
121,sj,1992,35,59,1992-08-26
122,sj,1992,36,67,1992-09-02
123,sj,1992,37,65,1992-09-09
124,sj,1992,38,74,1992-09-16
125,sj,1992,39,70,1992-09-23
126,sj,1992,40,61,1992-09-30
127,sj,1992,41,53,1992-10-07
128,sj,1992,42,76,1992-10-14
129,sj,1992,43,61,1992-10-21
130,sj,1992,44,57,1992-10-28
131,sj,1992,45,44,1992-11-04
132,sj,1992,46,34,1992-11-11
133,sj,1992,47,47,1992-11-18
134,sj,1992,48,60,1992-11-25
135,sj,1992,49,60,1992-12-02
136,sj,1992,50,53,1992-12-09
137,sj,1992,51,36,1992-12-16
138,sj,1992,52,31,1992-12-23
139,sj,1993,1,32,1993-01-08
140,sj,1993,2,28,1993-01-15
141,sj,1993,3,33,1993-01-22
142,sj,1993,4,33,1993-01-29
143,sj,1993,5,35,1993-02-05
144,sj,1993,6,22,1993-02-12
145,sj,1993,7,13,1993-02-19
146,sj,1993,8,13,1993-02-26
147,sj,1993,9,21,1993-03-05
148,sj,1993,10,17,1993-03-12
149,sj,1993,11,11,1993-03-19
150,sj,1993,12,8,1993-03-26
151,sj,1993,13,8,1993-04-02
152,sj,1993,14,6,1993-04-09
153,sj,1993,15,6,1993-04-16
154,sj,1993,16,7,1993-04-23
155,sj,1993,17,12,1993-04-30
156,sj,1993,18,17,1993-05-07
157,sj,1993,19,10,1993-05-14
158,sj,1993,20,10,1993-05-21
159,sj,1993,21,18,1993-05-28
160,sj,1993,22,19,1993-06-04
161,sj,1993,23,12,1993-06-11
162,sj,1993,24,22,1993-06-18
163,sj,1993,25,12,1993-06-25
164,sj,1993,26,21,1993-07-02
165,sj,1993,27,18,1993-07-09
166,sj,1993,28,16,1993-07-16
167,sj,1993,29,16,1993-07-23
168,sj,1993,30,22,1993-07-30
169,sj,1993,31,17,1993-08-06
170,sj,1993,32,25,1993-08-13
171,sj,1993,33,23,1993-08-20
172,sj,1993,34,12,1993-08-27
173,sj,1993,35,25,1993-09-03
174,sj,1993,36,28,1993-09-10
175,sj,1993,37,27,1993-09-17
176,sj,1993,38,18,1993-09-24
177,sj,1993,39,23,1993-10-01
178,sj,1993,40,23,1993-10-08
179,sj,1993,41,29,1993-10-15
180,sj,1993,42,38,1993-10-22
181,sj,1993,43,36,1993-10-29
182,sj,1993,44,43,1993-11-05
183,sj,1993,45,46,1993-11-12
184,sj,1993,46,31,1993-11-19
185,sj,1993,47,25,1993-11-26
186,sj,1993,48,40,1993-12-03
187,sj,1993,49,31,1993-12-10
188,sj,1993,50,38,1993-12-17
189,sj,1993,51,30,1993-12-24
190,sj,1994,1,31,1994-01-08
191,sj,1994,2,26,1994-01-15
192,sj,1994,3,35,1994-01-22
193,sj,1994,4,36,1994-01-29
194,sj,1994,5,39,1994-02-05
195,sj,1994,6,25,1994-02-12
196,sj,1994,7,31,1994-02-19
197,sj,1994,8,37,1994-02-26
198,sj,1994,9,33,1994-03-05
199,sj,1994,10,25,1994-03-12
200,sj,1994,11,24,1994-03-19
201,sj,1994,12,18,1994-03-26
202,sj,1994,13,23,1994-04-02
203,sj,1994,14,13,1994-04-09
204,sj,1994,15,18,1994-04-16
205,sj,1994,16,14,1994-04-23
206,sj,1994,17,17,1994-04-30
207,sj,1994,18,22,1994-05-07
208,sj,1994,19,13,1994-05-14
209,sj,1994,20,24,1994-05-21
210,sj,1994,21,31,1994-05-28
211,sj,1994,22,34,1994-06-04
212,sj,1994,23,31,1994-06-11
213,sj,1994,24,31,1994-06-18
214,sj,1994,25,38,1994-06-25
215,sj,1994,26,49,1994-07-02
216,sj,1994,27,42,1994-07-09
217,sj,1994,28,49,1994-07-16
218,sj,1994,29,55,1994-07-23
219,sj,1994,30,80,1994-07-30
220,sj,1994,31,84,1994-08-06
221,sj,1994,32,72,1994-08-13
222,sj,1994,33,89,1994-08-20
223,sj,1994,34,115,1994-08-27
224,sj,1994,35,179,1994-09-03
225,sj,1994,36,202,1994-09-10
226,sj,1994,37,272,1994-09-17
227,sj,1995,52,154,1995-01-01
228,sj,1995,1,91,1995-01-08
229,sj,1995,2,72,1995-01-15
230,sj,1995,3,56,1995-01-22
231,sj,1995,4,46,1995-01-29
232,sj,1995,5,37,1995-02-05
233,sj,1995,6,26,1995-02-12
234,sj,1995,7,17,1995-02-19
235,sj,1995,8,17,1995-02-26
236,sj,1995,9,20,1995-03-05
237,sj,1995,10,11,1995-03-12
238,sj,1995,11,7,1995-03-19
239,sj,1995,12,16,1995-03-26
240,sj,1995,13,14,1995-04-02
241,sj,1995,14,16,1995-04-09
242,sj,1995,15,5,1995-04-16
243,sj,1995,16,2,1995-04-23
244,sj,1995,17,6,1995-04-30
245,sj,1995,18,5,1995-05-07
246,sj,1995,19,4,1995-05-14
247,sj,1995,20,3,1995-05-21
248,sj,1995,21,4,1995-05-28
249,sj,1995,22,16,1995-06-04
250,sj,1995,23,8,1995-06-11
251,sj,1995,24,7,1995-06-18
252,sj,1995,25,10,1995-06-25
253,sj,1995,26,14,1995-07-02
254,sj,1995,27,7,1995-07-09
255,sj,1995,28,9,1995-07-16
256,sj,1995,29,11,1995-07-23
257,sj,1995,30,23,1995-07-30
258,sj,1995,31,17,1995-08-06
259,sj,1995,32,19,1995-08-13
260,sj,1995,33,24,1995-08-20
261,sj,1995,34,17,1995-08-27
262,sj,1995,35,28,1995-09-03
263,sj,1995,36,40,1995-09-10
264,sj,1995,37,33,1995-09-17
265,sj,1995,38,31,1995-09-24
266,sj,1995,39,33,1995-10-01
267,sj,1995,40,29,1995-10-08
268,sj,1995,41,30,1995-10-15
269,sj,1995,42,36,1995-10-22
270,sj,1995,43,48,1995-10-29
271,sj,1995,44,40,1995-11-05
272,sj,1995,45,28,1995-11-12
273,sj,1995,46,36,1995-11-19
274,sj,1995,47,19,1995-11-26
275,sj,1995,48,34,1995-12-03
276,sj,1995,49,23,1995-12-10
277,sj,1995,50,17,1995-12-17
278,sj,1995,51,17,1995-12-24
279,sj,1996,1,23,1996-01-01
280,sj,1996,2,14,1996-01-08
281,sj,1996,3,20,1996-01-15
282,sj,1996,4,13,1996-01-22
283,sj,1996,5,23,1996-01-29
284,sj,1996,6,20,1996-02-05
285,sj,1996,7,16,1996-02-12
286,sj,1996,8,16,1996-02-19
287,sj,1996,9,23,1996-02-26
288,sj,1996,10,14,1996-03-04
289,sj,1996,11,15,1996-03-11
290,sj,1996,12,4,1996-03-18
291,sj,1996,13,5,1996-03-25
292,sj,1996,14,5,1996-04-01
293,sj,1996,15,11,1996-04-08
294,sj,1996,16,11,1996-04-15
295,sj,1996,17,7,1996-04-22
296,sj,1996,18,4,1996-04-29
297,sj,1996,19,6,1996-05-06
298,sj,1996,20,5,1996-05-13
299,sj,1996,21,2,1996-05-20
300,sj,1996,22,4,1996-05-27
301,sj,1996,23,2,1996-06-03
302,sj,1996,24,4,1996-06-10
303,sj,1996,25,6,1996-06-17
304,sj,1996,26,6,1996-06-24
305,sj,1996,27,4,1996-07-01
306,sj,1996,28,6,1996-07-08
307,sj,1996,29,11,1996-07-15
308,sj,1996,30,16,1996-07-22
309,sj,1996,31,9,1996-07-29
310,sj,1996,32,12,1996-08-05
311,sj,1996,33,13,1996-08-12
312,sj,1996,34,27,1996-08-19
313,sj,1996,35,21,1996-08-26
314,sj,1996,36,19,1996-09-02
315,sj,1996,37,17,1996-09-09
316,sj,1996,38,24,1996-09-16
317,sj,1996,39,27,1996-09-23
318,sj,1996,40,30,1996-09-30
319,sj,1996,41,29,1996-10-07
320,sj,1996,42,25,1996-10-14
321,sj,1996,43,35,1996-10-21
322,sj,1996,44,33,1996-10-28
323,sj,1996,45,30,1996-11-04
324,sj,1996,46,29,1996-11-11
325,sj,1996,47,31,1996-11-18
326,sj,1996,48,29,1996-11-25
327,sj,1996,49,22,1996-12-02
328,sj,1996,50,27,1996-12-09
329,sj,1996,51,24,1996-12-16
330,sj,1996,52,26,1996-12-23
331,sj,1997,1,29,1997-01-01
332,sj,1997,2,22,1997-01-08
333,sj,1997,3,33,1997-01-15
334,sj,1997,4,24,1997-01-22
335,sj,1997,5,30,1997-01-29
336,sj,1997,6,20,1997-02-05
337,sj,1997,7,17,1997-02-12
338,sj,1997,8,24,1997-02-19
339,sj,1997,9,28,1997-02-26
340,sj,1997,10,18,1997-03-05
341,sj,1997,11,13,1997-03-12
342,sj,1997,12,9,1997-03-19
343,sj,1997,13,14,1997-03-26
344,sj,1997,14,11,1997-04-02
345,sj,1997,15,11,1997-04-09
346,sj,1997,16,19,1997-04-16
347,sj,1997,17,10,1997-04-23
348,sj,1997,18,8,1997-04-30
349,sj,1997,19,8,1997-05-07
350,sj,1997,20,9,1997-05-14
351,sj,1997,21,3,1997-05-21
352,sj,1997,22,7,1997-05-28
353,sj,1997,23,14,1997-06-04
354,sj,1997,24,4,1997-06-11
355,sj,1997,25,9,1997-06-18
356,sj,1997,26,14,1997-06-25
357,sj,1997,27,7,1997-07-02
358,sj,1997,28,9,1997-07-09
359,sj,1997,29,3,1997-07-16
360,sj,1997,30,3,1997-07-23
361,sj,1997,31,14,1997-07-30
362,sj,1997,32,12,1997-08-06
363,sj,1997,33,10,1997-08-13
364,sj,1997,34,21,1997-08-20
365,sj,1997,35,26,1997-08-27
366,sj,1997,36,47,1997-09-03
367,sj,1997,37,42,1997-09-10
368,sj,1997,38,31,1997-09-17
369,sj,1997,39,34,1997-09-24
370,sj,1997,40,33,1997-10-01
371,sj,1997,41,52,1997-10-08
372,sj,1997,42,56,1997-10-15
373,sj,1997,43,70,1997-10-22
374,sj,1997,44,112,1997-10-29
375,sj,1997,45,70,1997-11-05
376,sj,1997,46,47,1997-11-12
377,sj,1997,47,48,1997-11-19
378,sj,1997,48,49,1997-11-26
379,sj,1997,49,66,1997-12-03
380,sj,1997,50,56,1997-12-10
381,sj,1997,51,61,1997-12-17
382,sj,1997,52,67,1997-12-24
383,sj,1998,1,64,1998-01-01
384,sj,1998,2,68,1998-01-08
385,sj,1998,3,49,1998-01-15
386,sj,1998,4,50,1998-01-22
387,sj,1998,5,56,1998-01-29
388,sj,1998,6,75,1998-02-05
389,sj,1998,7,63,1998-02-12
390,sj,1998,8,62,1998-02-19
391,sj,1998,9,41,1998-02-26
392,sj,1998,10,50,1998-03-05
393,sj,1998,11,34,1998-03-12
394,sj,1998,12,31,1998-03-19
395,sj,1998,13,38,1998-03-26
396,sj,1998,14,30,1998-04-02
397,sj,1998,15,32,1998-04-09
398,sj,1998,16,26,1998-04-16
399,sj,1998,17,30,1998-04-23
400,sj,1998,18,36,1998-04-30
401,sj,1998,19,35,1998-05-07
402,sj,1998,20,46,1998-05-14
403,sj,1998,21,48,1998-05-21
404,sj,1998,22,44,1998-05-28
405,sj,1998,23,51,1998-06-04
406,sj,1998,24,59,1998-06-11
407,sj,1998,25,71,1998-06-18
408,sj,1998,26,102,1998-06-25
409,sj,1998,27,128,1998-07-02
410,sj,1998,28,127,1998-07-09
411,sj,1998,29,150,1998-07-16
412,sj,1998,30,191,1998-07-23
413,sj,1998,31,256,1998-07-30
414,sj,1998,32,329,1998-08-06
415,sj,1998,33,263,1998-08-13
416,sj,1998,34,220,1998-08-20
417,sj,1998,35,204,1998-08-27
418,sj,1998,36,181,1998-09-03
419,sj,1998,37,99,1998-09-10
420,sj,1998,38,54,1998-09-17
421,sj,1998,39,80,1998-09-24
422,sj,1998,40,102,1998-10-01
423,sj,1998,41,127,1998-10-08
424,sj,1998,42,73,1998-10-15
425,sj,1998,43,68,1998-10-22
426,sj,1998,44,64,1998-10-29
427,sj,1998,45,55,1998-11-05
428,sj,1998,46,67,1998-11-12
429,sj,1998,47,84,1998-11-19
430,sj,1998,48,85,1998-11-26
431,sj,1998,49,67,1998-12-03
432,sj,1998,50,73,1998-12-10
433,sj,1998,51,89,1998-12-17
434,sj,1998,52,68,1998-12-24
435,sj,1999,1,56,1999-01-08
436,sj,1999,2,77,1999-01-15
437,sj,1999,3,75,1999-01-22
438,sj,1999,4,47,1999-01-29
439,sj,1999,5,50,1999-02-05
440,sj,1999,6,42,1999-02-12
441,sj,1999,7,28,1999-02-19
442,sj,1999,8,37,1999-02-26
443,sj,1999,9,37,1999-03-05
444,sj,1999,10,27,1999-03-12
445,sj,1999,11,12,1999-03-19
446,sj,1999,12,15,1999-03-26
447,sj,1999,13,22,1999-04-02
448,sj,1999,14,8,1999-04-09
449,sj,1999,15,15,1999-04-16
450,sj,1999,16,17,1999-04-23
451,sj,1999,17,10,1999-04-30
452,sj,1999,18,9,1999-05-07
453,sj,1999,19,11,1999-05-14
454,sj,1999,20,20,1999-05-21
455,sj,1999,21,13,1999-05-28
456,sj,1999,22,11,1999-06-04
457,sj,1999,23,16,1999-06-11
458,sj,1999,24,11,1999-06-18
459,sj,1999,25,7,1999-06-25
460,sj,1999,26,17,1999-07-02
461,sj,1999,27,14,1999-07-09
462,sj,1999,28,13,1999-07-16
463,sj,1999,29,15,1999-07-23
464,sj,1999,30,30,1999-07-30
465,sj,1999,31,25,1999-08-06
466,sj,1999,32,40,1999-08-13
467,sj,1999,33,44,1999-08-20
468,sj,1999,34,25,1999-08-27
469,sj,1999,35,21,1999-09-03
470,sj,1999,36,48,1999-09-10
471,sj,1999,37,56,1999-09-17
472,sj,1999,38,60,1999-09-24
473,sj,1999,39,45,1999-10-01
474,sj,1999,40,55,1999-10-08
475,sj,1999,41,32,1999-10-15
476,sj,1999,42,46,1999-10-22
477,sj,1999,43,61,1999-10-29
478,sj,1999,44,42,1999-11-05
479,sj,1999,45,37,1999-11-12
480,sj,1999,46,43,1999-11-19
481,sj,1999,47,34,1999-11-26
482,sj,1999,48,40,1999-12-03
483,sj,1999,49,25,1999-12-10
484,sj,1999,50,16,1999-12-17
485,sj,1999,51,17,1999-12-24
486,sj,2000,52,17,2000-01-01
487,sj,2000,1,16,2000-01-08
488,sj,2000,2,23,2000-01-15
489,sj,2000,3,18,2000-01-22
490,sj,2000,4,18,2000-01-29
491,sj,2000,5,9,2000-02-05
492,sj,2000,6,7,2000-02-12
493,sj,2000,7,7,2000-02-19
494,sj,2000,8,4,2000-02-26
495,sj,2000,9,3,2000-03-04
496,sj,2000,10,2,2000-03-11
497,sj,2000,11,8,2000-03-18
498,sj,2000,12,3,2000-03-25
499,sj,2000,13,1,2000-04-01
500,sj,2000,14,1,2000-04-08
501,sj,2000,15,2,2000-04-15
502,sj,2000,16,3,2000-04-22
503,sj,2000,17,3,2000-04-29
504,sj,2000,18,2,2000-05-06
505,sj,2000,19,0,2000-05-13
506,sj,2000,20,0,2000-05-20
507,sj,2000,21,2,2000-05-27
508,sj,2000,22,2,2000-06-03
509,sj,2000,23,0,2000-06-10
510,sj,2000,24,6,2000-06-17
511,sj,2000,25,3,2000-06-24
512,sj,2000,26,6,2000-07-01
513,sj,2000,27,2,2000-07-08
514,sj,2000,28,3,2000-07-15
515,sj,2000,29,2,2000-07-22
516,sj,2000,30,4,2000-07-29
517,sj,2000,31,5,2000-08-05
518,sj,2000,32,2,2000-08-12
519,sj,2000,33,9,2000-08-19
520,sj,2000,34,2,2000-08-26
521,sj,2000,35,4,2000-09-02
522,sj,2000,36,8,2000-09-09
523,sj,2000,37,6,2000-09-16
524,sj,2000,38,3,2000-09-23
525,sj,2000,39,11,2000-09-30
526,sj,2000,40,14,2000-10-07
527,sj,2000,41,15,2000-10-14
528,sj,2000,42,20,2000-10-21
529,sj,2000,43,9,2000-10-28
530,sj,2000,44,20,2000-11-04
531,sj,2000,45,28,2000-11-11
532,sj,2000,46,38,2000-11-18
533,sj,2000,47,30,2000-11-25
534,sj,2000,48,30,2000-12-02
535,sj,2000,49,23,2000-12-09
536,sj,2000,50,16,2000-12-16
537,sj,2000,51,22,2000-12-23
538,sj,2001,1,28,2001-01-01
539,sj,2001,2,14,2001-01-08
540,sj,2001,3,17,2001-01-15
541,sj,2001,4,20,2001-01-22
542,sj,2001,5,17,2001-01-29
543,sj,2001,6,10,2001-02-05
544,sj,2001,7,13,2001-02-12
545,sj,2001,8,20,2001-02-19
546,sj,2001,9,9,2001-02-26
547,sj,2001,10,18,2001-03-05
548,sj,2001,11,9,2001-03-12
549,sj,2001,12,8,2001-03-19
550,sj,2001,13,19,2001-03-26
551,sj,2001,14,11,2001-04-02
552,sj,2001,15,4,2001-04-09
553,sj,2001,16,6,2001-04-16
554,sj,2001,17,6,2001-04-23
555,sj,2001,18,8,2001-04-30
556,sj,2001,19,13,2001-05-07
557,sj,2001,20,8,2001-05-14
558,sj,2001,21,8,2001-05-21
559,sj,2001,22,5,2001-05-28
560,sj,2001,23,16,2001-06-04
561,sj,2001,24,12,2001-06-11
562,sj,2001,25,11,2001-06-18
563,sj,2001,26,18,2001-06-25
564,sj,2001,27,10,2001-07-02
565,sj,2001,28,22,2001-07-09
566,sj,2001,29,14,2001-07-16
567,sj,2001,30,16,2001-07-23
568,sj,2001,31,18,2001-07-30
569,sj,2001,32,27,2001-08-06
570,sj,2001,33,38,2001-08-13
571,sj,2001,34,35,2001-08-20
572,sj,2001,35,41,2001-08-27
573,sj,2001,36,51,2001-09-03
574,sj,2001,37,65,2001-09-10
575,sj,2001,38,55,2001-09-17
576,sj,2001,39,54,2001-09-24
577,sj,2001,40,62,2001-10-01
578,sj,2001,41,64,2001-10-08
579,sj,2001,42,56,2001-10-15
580,sj,2001,43,65,2001-10-22
581,sj,2001,44,71,2001-10-29
582,sj,2001,45,75,2001-11-05
583,sj,2001,46,71,2001-11-12
584,sj,2001,47,72,2001-11-19
585,sj,2001,48,47,2001-11-26
586,sj,2001,49,27,2001-12-03
587,sj,2001,50,35,2001-12-10
588,sj,2001,51,25,2001-12-17
589,sj,2001,52,19,2001-12-24
590,sj,2002,1,37,2002-01-01
591,sj,2002,2,38,2002-01-08
592,sj,2002,3,34,2002-01-15
593,sj,2002,4,26,2002-01-22
594,sj,2002,6,18,2002-02-05
595,sj,2002,7,22,2002-02-12
596,sj,2002,8,16,2002-02-19
597,sj,2002,9,18,2002-02-26
598,sj,2002,10,6,2002-03-05
599,sj,2002,11,12,2002-03-12
600,sj,2002,12,6,2002-03-19
601,sj,2002,13,6,2002-03-26
602,sj,2002,14,3,2002-04-02
603,sj,2002,15,7,2002-04-09
604,sj,2002,16,6,2002-04-16
605,sj,2002,17,1,2002-04-23
606,sj,2002,18,3,2002-04-30
607,sj,2002,19,2,2002-05-07
608,sj,2002,20,2,2002-05-14
609,sj,2002,21,1,2002-05-21
610,sj,2002,22,10,2002-05-28
611,sj,2002,23,3,2002-06-04
612,sj,2002,24,3,2002-06-11
613,sj,2002,25,1,2002-06-18
614,sj,2002,26,1,2002-06-25
615,sj,2002,27,2,2002-07-02
616,sj,2002,28,6,2002-07-09
617,sj,2002,29,3,2002-07-16
618,sj,2002,30,3,2002-07-23
619,sj,2002,31,5,2002-07-30
620,sj,2002,32,4,2002-08-06
621,sj,2002,33,7,2002-08-13
622,sj,2002,34,6,2002-08-20
623,sj,2002,35,5,2002-08-27
624,sj,2002,36,7,2002-09-03
625,sj,2002,37,6,2002-09-10
626,sj,2002,38,4,2002-09-17
627,sj,2002,39,4,2002-09-24
628,sj,2002,40,7,2002-10-01
629,sj,2002,41,9,2002-10-08
630,sj,2002,42,5,2002-10-15
631,sj,2002,43,5,2002-10-22
632,sj,2002,44,10,2002-10-29
633,sj,2002,45,6,2002-11-05
634,sj,2002,46,13,2002-11-12
635,sj,2002,47,6,2002-11-19
636,sj,2002,48,5,2002-11-26
637,sj,2002,49,5,2002-12-03
638,sj,2002,50,9,2002-12-10
639,sj,2002,51,3,2002-12-17
640,sj,2002,52,6,2002-12-24
641,sj,2003,1,11,2003-01-01
642,sj,2003,2,7,2003-01-08
643,sj,2003,3,7,2003-01-15
644,sj,2003,4,15,2003-01-22
645,sj,2003,5,9,2003-01-29
646,sj,2003,6,6,2003-02-05
647,sj,2003,7,6,2003-02-12
648,sj,2003,8,6,2003-02-19
649,sj,2003,9,7,2003-02-26
650,sj,2003,10,10,2003-03-05
651,sj,2003,11,8,2003-03-12
652,sj,2003,12,7,2003-03-19
653,sj,2003,13,12,2003-03-26
654,sj,2003,14,3,2003-04-02
655,sj,2003,15,2,2003-04-09
656,sj,2003,16,7,2003-04-16
657,sj,2003,17,5,2003-04-23
658,sj,2003,18,5,2003-04-30
659,sj,2003,19,7,2003-05-07
660,sj,2003,20,7,2003-05-14
661,sj,2003,21,7,2003-05-21
662,sj,2003,22,7,2003-05-28
663,sj,2003,23,10,2003-06-04
664,sj,2003,24,13,2003-06-11
665,sj,2003,25,10,2003-06-18
666,sj,2003,26,14,2003-06-25
667,sj,2003,27,11,2003-07-02
668,sj,2003,28,20,2003-07-09
669,sj,2003,29,25,2003-07-16
670,sj,2003,30,17,2003-07-23
671,sj,2003,31,18,2003-07-30
672,sj,2003,32,25,2003-08-06
673,sj,2003,33,21,2003-08-13
674,sj,2003,34,31,2003-08-20
675,sj,2003,35,32,2003-08-27
676,sj,2003,36,26,2003-09-03
677,sj,2003,37,35,2003-09-10
678,sj,2003,38,28,2003-09-17
679,sj,2003,39,37,2003-09-24
680,sj,2003,40,41,2003-10-01
681,sj,2003,41,34,2003-10-08
682,sj,2003,42,30,2003-10-15
683,sj,2003,43,39,2003-10-22
684,sj,2003,44,39,2003-10-29
685,sj,2003,45,39,2003-11-05
686,sj,2003,46,34,2003-11-12
687,sj,2003,47,30,2003-11-19
688,sj,2003,48,37,2003-11-26
689,sj,2003,49,29,2003-12-03
690,sj,2003,50,26,2003-12-10
691,sj,2003,51,15,2003-12-17
692,sj,2003,52,22,2003-12-24
693,sj,2004,1,15,2004-01-01
694,sj,2004,2,20,2004-01-08
695,sj,2004,3,14,2004-01-15
696,sj,2004,4,10,2004-01-22
697,sj,2004,5,21,2004-01-29
698,sj,2004,6,14,2004-02-05
699,sj,2004,7,14,2004-02-12
700,sj,2004,8,9,2004-02-19
701,sj,2004,9,11,2004-02-26
702,sj,2004,10,5,2004-03-04
703,sj,2004,11,6,2004-03-11
704,sj,2004,12,7,2004-03-18
705,sj,2004,13,11,2004-03-25
706,sj,2004,14,4,2004-04-01
707,sj,2004,15,3,2004-04-08
708,sj,2004,16,2,2004-04-15
709,sj,2004,17,6,2004-04-22
710,sj,2004,18,10,2004-04-29
711,sj,2004,19,7,2004-05-06
712,sj,2004,20,5,2004-05-13
713,sj,2004,21,3,2004-05-20
714,sj,2004,22,12,2004-05-27
715,sj,2004,23,13,2004-06-03
716,sj,2004,24,10,2004-06-10
717,sj,2004,25,13,2004-06-17
718,sj,2004,26,13,2004-06-24
719,sj,2004,27,8,2004-07-01
720,sj,2004,28,21,2004-07-08
721,sj,2004,29,18,2004-07-15
722,sj,2004,30,8,2004-07-22
723,sj,2004,31,7,2004-07-29
724,sj,2004,32,20,2004-08-05
725,sj,2004,33,14,2004-08-12
726,sj,2004,34,14,2004-08-19
727,sj,2004,35,7,2004-08-26
728,sj,2004,36,14,2004-09-02
729,sj,2004,37,10,2004-09-09
730,sj,2004,38,13,2004-09-16
731,sj,2004,39,27,2004-09-23
732,sj,2004,40,13,2004-09-30
733,sj,2004,41,18,2004-10-07
734,sj,2004,42,16,2004-10-14
735,sj,2004,43,16,2004-10-21
736,sj,2004,44,20,2004-10-28
737,sj,2004,45,17,2004-11-04
738,sj,2004,46,4,2004-11-11
739,sj,2004,47,15,2004-11-18
740,sj,2004,48,8,2004-11-25
741,sj,2004,49,6,2004-12-02
742,sj,2004,50,12,2004-12-09
743,sj,2004,51,15,2004-12-16
744,sj,2004,52,11,2004-12-23
745,sj,2005,1,15,2005-01-08
746,sj,2005,2,17,2005-01-15
747,sj,2005,3,7,2005-01-22
748,sj,2005,4,7,2005-01-29
749,sj,2005,5,8,2005-02-05
750,sj,2005,6,9,2005-02-12
751,sj,2005,7,12,2005-02-19
752,sj,2005,8,12,2005-02-26
753,sj,2005,9,5,2005-03-05
754,sj,2005,10,4,2005-03-12
755,sj,2005,11,11,2005-03-19
756,sj,2005,12,4,2005-03-26
757,sj,2005,13,5,2005-04-02
758,sj,2005,14,7,2005-04-09
759,sj,2005,15,1,2005-04-16
760,sj,2005,16,1,2005-04-23
761,sj,2005,17,4,2005-04-30
762,sj,2005,18,2,2005-05-07
763,sj,2005,19,6,2005-05-14
764,sj,2005,20,3,2005-05-21
765,sj,2005,21,4,2005-05-28
766,sj,2005,22,10,2005-06-04
767,sj,2005,23,12,2005-06-11
768,sj,2005,24,21,2005-06-18
769,sj,2005,25,26,2005-06-25
770,sj,2005,26,21,2005-07-02
771,sj,2005,27,30,2005-07-09
772,sj,2005,28,45,2005-07-16
773,sj,2005,29,56,2005-07-23
774,sj,2005,30,75,2005-07-30
775,sj,2005,31,83,2005-08-06
776,sj,2005,32,82,2005-08-13
777,sj,2005,33,126,2005-08-20
778,sj,2005,34,119,2005-08-27
779,sj,2005,35,137,2005-09-03
780,sj,2005,36,131,2005-09-10
781,sj,2005,37,112,2005-09-17
782,sj,2005,38,82,2005-09-24
783,sj,2005,39,73,2005-10-01
784,sj,2005,40,43,2005-10-08
785,sj,2005,41,55,2005-10-15
786,sj,2005,42,55,2005-10-22
787,sj,2005,43,53,2005-10-29
788,sj,2005,44,46,2005-11-05
789,sj,2005,45,43,2005-11-12
790,sj,2005,46,29,2005-11-19
791,sj,2005,47,22,2005-11-26
792,sj,2005,48,26,2005-12-03
793,sj,2005,49,13,2005-12-10
794,sj,2005,50,17,2005-12-17
795,sj,2005,51,8,2005-12-24
796,sj,2006,52,13,2006-01-01
797,sj,2006,1,10,2006-01-08
798,sj,2006,2,17,2006-01-15
799,sj,2006,3,19,2006-01-22
800,sj,2006,4,9,2006-01-29
801,sj,2006,5,9,2006-02-05
802,sj,2006,6,9,2006-02-12
803,sj,2006,7,3,2006-02-19
804,sj,2006,8,7,2006-02-26
805,sj,2006,9,7,2006-03-05
806,sj,2006,10,0,2006-03-12
807,sj,2006,11,2,2006-03-19
808,sj,2006,12,3,2006-03-26
809,sj,2006,13,3,2006-04-02
810,sj,2006,14,1,2006-04-09
811,sj,2006,15,3,2006-04-16
812,sj,2006,16,3,2006-04-23
813,sj,2006,17,3,2006-04-30
814,sj,2006,18,7,2006-05-07
815,sj,2006,19,3,2006-05-14
816,sj,2006,20,5,2006-05-21
817,sj,2006,21,11,2006-05-28
818,sj,2006,22,5,2006-06-04
819,sj,2006,23,5,2006-06-11
820,sj,2006,24,6,2006-06-18
821,sj,2006,25,6,2006-06-25
822,sj,2006,26,4,2006-07-02
823,sj,2006,27,4,2006-07-09
824,sj,2006,28,8,2006-07-16
825,sj,2006,29,14,2006-07-23
826,sj,2006,30,12,2006-07-30
827,sj,2006,31,16,2006-08-06
828,sj,2006,32,10,2006-08-13
829,sj,2006,33,16,2006-08-20
830,sj,2006,34,18,2006-08-27
831,sj,2006,35,15,2006-09-03
832,sj,2006,36,23,2006-09-10
833,sj,2006,37,17,2006-09-17
834,sj,2006,38,33,2006-09-24
835,sj,2006,39,15,2006-10-01
836,sj,2006,40,13,2006-10-08
837,sj,2006,41,11,2006-10-15
838,sj,2006,42,14,2006-10-22
839,sj,2006,43,17,2006-10-29
840,sj,2006,44,19,2006-11-05
841,sj,2006,45,20,2006-11-12
842,sj,2006,46,12,2006-11-19
843,sj,2006,47,21,2006-11-26
844,sj,2006,48,7,2006-12-03
845,sj,2006,49,19,2006-12-10
846,sj,2006,50,10,2006-12-17
847,sj,2006,51,13,2006-12-24
848,sj,2007,1,10,2007-01-01
849,sj,2007,2,8,2007-01-08
850,sj,2007,3,21,2007-01-15
851,sj,2007,4,11,2007-01-22
852,sj,2007,5,9,2007-01-29
853,sj,2007,6,14,2007-02-05
854,sj,2007,7,14,2007-02-12
855,sj,2007,8,15,2007-02-19
856,sj,2007,9,18,2007-02-26
857,sj,2007,10,16,2007-03-05
858,sj,2007,11,12,2007-03-12
859,sj,2007,12,20,2007-03-19
860,sj,2007,13,8,2007-03-26
861,sj,2007,14,3,2007-04-02
862,sj,2007,15,13,2007-04-09
863,sj,2007,16,4,2007-04-16
864,sj,2007,17,1,2007-04-23
865,sj,2007,18,10,2007-04-30
866,sj,2007,19,8,2007-05-07
867,sj,2007,20,13,2007-05-14
868,sj,2007,21,10,2007-05-21
869,sj,2007,22,21,2007-05-28
870,sj,2007,23,18,2007-06-04
871,sj,2007,24,21,2007-06-11
872,sj,2007,25,34,2007-06-18
873,sj,2007,26,25,2007-06-25
874,sj,2007,27,34,2007-07-02
875,sj,2007,28,33,2007-07-09
876,sj,2007,29,40,2007-07-16
877,sj,2007,30,42,2007-07-23
878,sj,2007,31,36,2007-07-30
879,sj,2007,32,72,2007-08-06
880,sj,2007,33,75,2007-08-13
881,sj,2007,34,76,2007-08-20
882,sj,2007,35,92,2007-08-27
883,sj,2007,36,71,2007-09-03
884,sj,2007,37,112,2007-09-10
885,sj,2007,38,106,2007-09-17
886,sj,2007,39,101,2007-09-24
887,sj,2007,40,170,2007-10-01
888,sj,2007,41,135,2007-10-08
889,sj,2007,42,106,2007-10-15
890,sj,2007,43,68,2007-10-22
891,sj,2007,44,48,2007-10-29
892,sj,2007,45,48,2007-11-05
893,sj,2007,46,26,2007-11-12
894,sj,2007,47,33,2007-11-19
895,sj,2007,48,29,2007-11-26
896,sj,2007,49,17,2007-12-03
897,sj,2007,50,12,2007-12-10
898,sj,2007,51,13,2007-12-17
899,sj,2007,52,17,2007-12-24
900,sj,2008,1,15,2008-01-01
901,sj,2008,2,14,2008-01-08
902,sj,2008,3,15,2008-01-15
903,sj,2008,4,10,2008-01-22
904,sj,2008,5,9,2008-01-29
905,sj,2008,6,2,2008-02-05
906,sj,2008,7,6,2008-02-12
907,sj,2008,8,8,2008-02-19
908,sj,2008,9,5,2008-02-26
909,sj,2008,10,1,2008-03-04
910,sj,2008,11,2,2008-03-11
911,sj,2008,12,3,2008-03-18
912,sj,2008,13,4,2008-03-25
913,sj,2008,14,3,2008-04-01
914,sj,2008,15,1,2008-04-08
915,sj,2008,16,3,2008-04-15
916,sj,2008,17,5,2008-04-22
917,iq,2000,26,0,2000-07-01
918,iq,2000,27,0,2000-07-08
919,iq,2000,28,0,2000-07-15
920,iq,2000,29,0,2000-07-22
921,iq,2000,30,0,2000-07-29
922,iq,2000,31,0,2000-08-05
923,iq,2000,32,0,2000-08-12
924,iq,2000,33,0,2000-08-19
925,iq,2000,34,0,2000-08-26
926,iq,2000,35,0,2000-09-02
927,iq,2000,36,1,2000-09-09
928,iq,2000,37,0,2000-09-16
929,iq,2000,38,0,2000-09-23
930,iq,2000,39,0,2000-09-30
931,iq,2000,40,0,2000-10-07
932,iq,2000,41,1,2000-10-14
933,iq,2000,42,1,2000-10-21
934,iq,2000,43,0,2000-10-28
935,iq,2000,44,0,2000-11-04
936,iq,2000,45,0,2000-11-11
937,iq,2000,46,0,2000-11-18
938,iq,2000,47,0,2000-11-25
939,iq,2000,48,0,2000-12-02
940,iq,2000,49,0,2000-12-09
941,iq,2000,50,1,2000-12-16
942,iq,2000,51,0,2000-12-23
943,iq,2001,1,0,2001-01-01
944,iq,2001,2,0,2001-01-08
945,iq,2001,3,0,2001-01-15
946,iq,2001,4,0,2001-01-22
947,iq,2001,5,0,2001-01-29
948,iq,2001,6,0,2001-02-05
949,iq,2001,7,0,2001-02-12
950,iq,2001,8,0,2001-02-19
951,iq,2001,9,0,2001-02-26
952,iq,2001,10,0,2001-03-05
953,iq,2001,11,0,2001-03-12
954,iq,2001,12,0,2001-03-19
955,iq,2001,13,0,2001-03-26
956,iq,2001,14,0,2001-04-02
957,iq,2001,15,0,2001-04-09
958,iq,2001,16,1,2001-04-16
959,iq,2001,17,0,2001-04-23
960,iq,2001,18,0,2001-04-30
961,iq,2001,19,0,2001-05-07
962,iq,2001,20,0,2001-05-14
963,iq,2001,21,1,2001-05-21
964,iq,2001,22,1,2001-05-28
965,iq,2001,23,0,2001-06-04
966,iq,2001,24,0,2001-06-11
967,iq,2001,25,1,2001-06-18
968,iq,2001,26,0,2001-06-25
969,iq,2001,27,0,2001-07-02
970,iq,2001,28,0,2001-07-09
971,iq,2001,29,0,2001-07-16
972,iq,2001,30,0,2001-07-23
973,iq,2001,31,0,2001-07-30
974,iq,2001,32,0,2001-08-06
975,iq,2001,33,0,2001-08-13
976,iq,2001,34,0,2001-08-20
977,iq,2001,35,0,2001-08-27
978,iq,2001,36,0,2001-09-03
979,iq,2001,37,0,2001-09-10
980,iq,2001,38,0,2001-09-17
981,iq,2001,39,0,2001-09-24
982,iq,2001,40,0,2001-10-01
983,iq,2001,41,0,2001-10-08
984,iq,2001,42,0,2001-10-15
985,iq,2001,43,0,2001-10-22
986,iq,2001,44,0,2001-10-29
987,iq,2001,45,0,2001-11-05
988,iq,2001,46,0,2001-11-12
989,iq,2001,47,1,2001-11-19
990,iq,2001,48,1,2001-11-26
991,iq,2001,49,1,2001-12-03
992,iq,2001,50,2,2001-12-10
993,iq,2001,51,4,2001-12-17
994,iq,2001,52,1,2001-12-24
995,iq,2002,1,4,2002-01-01
996,iq,2002,2,11,2002-01-08
997,iq,2002,3,16,2002-01-15
998,iq,2002,4,23,2002-01-22
999,iq,2002,6,14,2002-02-05
1000,iq,2002,7,18,2002-02-12
1001,iq,2002,8,8,2002-02-19
1002,iq,2002,9,7,2002-02-26
1003,iq,2002,10,10,2002-03-05
1004,iq,2002,11,7,2002-03-12
1005,iq,2002,12,10,2002-03-19
1006,iq,2002,13,5,2002-03-26
1007,iq,2002,14,11,2002-04-02
1008,iq,2002,15,8,2002-04-09
1009,iq,2002,16,18,2002-04-16
1010,iq,2002,17,13,2002-04-23
1011,iq,2002,18,9,2002-04-30
1012,iq,2002,19,22,2002-05-07
1013,iq,2002,20,10,2002-05-14
1014,iq,2002,21,5,2002-05-21
1015,iq,2002,22,13,2002-05-28
1016,iq,2002,23,2,2002-06-04
1017,iq,2002,24,11,2002-06-11
1018,iq,2002,25,11,2002-06-18
1019,iq,2002,26,3,2002-06-25
1020,iq,2002,27,7,2002-07-02
1021,iq,2002,28,7,2002-07-09
1022,iq,2002,29,4,2002-07-16
1023,iq,2002,30,5,2002-07-23
1024,iq,2002,31,6,2002-07-30
1025,iq,2002,32,7,2002-08-06
1026,iq,2002,33,7,2002-08-13
1027,iq,2002,34,4,2002-08-20
1028,iq,2002,35,9,2002-08-27
1029,iq,2002,36,17,2002-09-03
1030,iq,2002,37,8,2002-09-10
1031,iq,2002,38,22,2002-09-17
1032,iq,2002,39,18,2002-09-24
1033,iq,2002,40,21,2002-10-01
1034,iq,2002,41,16,2002-10-08
1035,iq,2002,42,31,2002-10-15
1036,iq,2002,43,25,2002-10-22
1037,iq,2002,44,28,2002-10-29
1038,iq,2002,45,26,2002-11-05
1039,iq,2002,46,18,2002-11-12
1040,iq,2002,47,27,2002-11-19
1041,iq,2002,48,11,2002-11-26
1042,iq,2002,49,38,2002-12-03
1043,iq,2002,50,29,2002-12-10
1044,iq,2002,51,21,2002-12-17
1045,iq,2002,52,11,2002-12-24
1046,iq,2003,1,10,2003-01-01
1047,iq,2003,2,5,2003-01-08
1048,iq,2003,3,6,2003-01-15
1049,iq,2003,4,2,2003-01-22
1050,iq,2003,5,1,2003-01-29
1051,iq,2003,6,2,2003-02-05
1052,iq,2003,7,2,2003-02-12
1053,iq,2003,8,3,2003-02-19
1054,iq,2003,9,5,2003-02-26
1055,iq,2003,10,1,2003-03-05
1056,iq,2003,11,4,2003-03-12
1057,iq,2003,12,2,2003-03-19
1058,iq,2003,13,4,2003-03-26
1059,iq,2003,14,0,2003-04-02
1060,iq,2003,15,0,2003-04-09
1061,iq,2003,16,0,2003-04-16
1062,iq,2003,17,0,2003-04-23
1063,iq,2003,18,1,2003-04-30
1064,iq,2003,19,1,2003-05-07
1065,iq,2003,20,1,2003-05-14
1066,iq,2003,21,1,2003-05-21
1067,iq,2003,22,1,2003-05-28
1068,iq,2003,23,2,2003-06-04
1069,iq,2003,24,3,2003-06-11
1070,iq,2003,25,4,2003-06-18
1071,iq,2003,26,6,2003-06-25
1072,iq,2003,27,2,2003-07-02
1073,iq,2003,28,2,2003-07-09
1074,iq,2003,29,5,2003-07-16
1075,iq,2003,30,1,2003-07-23
1076,iq,2003,31,1,2003-07-30
1077,iq,2003,32,0,2003-08-06
1078,iq,2003,33,0,2003-08-13
1079,iq,2003,34,0,2003-08-20
1080,iq,2003,35,0,2003-08-27
1081,iq,2003,36,2,2003-09-03
1082,iq,2003,37,0,2003-09-10
1083,iq,2003,38,3,2003-09-17
1084,iq,2003,39,0,2003-09-24
1085,iq,2003,40,0,2003-10-01
1086,iq,2003,41,0,2003-10-08
1087,iq,2003,42,2,2003-10-15
1088,iq,2003,43,2,2003-10-22
1089,iq,2003,44,3,2003-10-29
1090,iq,2003,45,3,2003-11-05
1091,iq,2003,46,3,2003-11-12
1092,iq,2003,47,1,2003-11-19
1093,iq,2003,48,2,2003-11-26
1094,iq,2003,49,3,2003-12-03
1095,iq,2003,50,6,2003-12-10
1096,iq,2003,51,5,2003-12-17
1097,iq,2003,52,1,2003-12-24
1098,iq,2004,1,4,2004-01-01
1099,iq,2004,2,5,2004-01-08
1100,iq,2004,3,8,2004-01-15
1101,iq,2004,4,5,2004-01-22
1102,iq,2004,5,2,2004-01-29
1103,iq,2004,6,3,2004-02-05
1104,iq,2004,7,3,2004-02-12
1105,iq,2004,8,1,2004-02-19
1106,iq,2004,9,6,2004-02-26
1107,iq,2004,10,4,2004-03-04
1108,iq,2004,11,1,2004-03-11
1109,iq,2004,12,2,2004-03-18
1110,iq,2004,13,3,2004-03-25
1111,iq,2004,14,1,2004-04-01
1112,iq,2004,15,8,2004-04-08
1113,iq,2004,16,4,2004-04-15
1114,iq,2004,17,6,2004-04-22
1115,iq,2004,18,7,2004-04-29
1116,iq,2004,19,5,2004-05-06
1117,iq,2004,20,8,2004-05-13
1118,iq,2004,21,6,2004-05-20
1119,iq,2004,22,5,2004-05-27
1120,iq,2004,23,6,2004-06-03
1121,iq,2004,24,6,2004-06-10
1122,iq,2004,25,13,2004-06-17
1123,iq,2004,26,2,2004-06-24
1124,iq,2004,27,10,2004-07-01
1125,iq,2004,28,3,2004-07-08
1126,iq,2004,29,12,2004-07-15
1127,iq,2004,30,7,2004-07-22
1128,iq,2004,31,6,2004-07-29
1129,iq,2004,32,5,2004-08-05
1130,iq,2004,33,6,2004-08-12
1131,iq,2004,34,6,2004-08-19
1132,iq,2004,35,6,2004-08-26
1133,iq,2004,36,8,2004-09-02
1134,iq,2004,37,6,2004-09-09
1135,iq,2004,38,9,2004-09-16
1136,iq,2004,39,12,2004-09-23
1137,iq,2004,40,19,2004-09-30
1138,iq,2004,41,8,2004-10-07
1139,iq,2004,42,16,2004-10-14
1140,iq,2004,43,21,2004-10-21
1141,iq,2004,44,6,2004-10-28
1142,iq,2004,45,22,2004-11-04
1143,iq,2004,46,37,2004-11-11
1144,iq,2004,47,33,2004-11-18
1145,iq,2004,48,18,2004-11-25
1146,iq,2004,49,83,2004-12-02
1147,iq,2004,50,116,2004-12-09
1148,iq,2004,51,32,2004-12-16
1149,iq,2004,52,7,2004-12-23
1150,iq,2005,1,10,2005-01-08
1151,iq,2005,2,5,2005-01-15
1152,iq,2005,3,8,2005-01-22
1153,iq,2005,4,7,2005-01-29
1154,iq,2005,5,8,2005-02-05
1155,iq,2005,6,11,2005-02-12
1156,iq,2005,7,6,2005-02-19
1157,iq,2005,8,7,2005-02-26
1158,iq,2005,9,7,2005-03-05
1159,iq,2005,10,14,2005-03-12
1160,iq,2005,11,7,2005-03-19
1161,iq,2005,12,9,2005-03-26
1162,iq,2005,13,13,2005-04-02
1163,iq,2005,14,16,2005-04-09
1164,iq,2005,15,7,2005-04-16
1165,iq,2005,16,9,2005-04-23
1166,iq,2005,17,2,2005-04-30
1167,iq,2005,18,13,2005-05-07
1168,iq,2005,19,8,2005-05-14
1169,iq,2005,20,3,2005-05-21
1170,iq,2005,21,5,2005-05-28
1171,iq,2005,22,4,2005-06-04
1172,iq,2005,23,8,2005-06-11
1173,iq,2005,24,2,2005-06-18
1174,iq,2005,25,3,2005-06-25
1175,iq,2005,26,5,2005-07-02
1176,iq,2005,27,7,2005-07-09
1177,iq,2005,28,3,2005-07-16
1178,iq,2005,29,5,2005-07-23
1179,iq,2005,30,6,2005-07-30
1180,iq,2005,31,5,2005-08-06
1181,iq,2005,32,5,2005-08-13
1182,iq,2005,33,4,2005-08-20
1183,iq,2005,34,0,2005-08-27
1184,iq,2005,35,0,2005-09-03
1185,iq,2005,36,0,2005-09-10
1186,iq,2005,37,0,2005-09-17
1187,iq,2005,38,0,2005-09-24
1188,iq,2005,39,2,2005-10-01
1189,iq,2005,40,4,2005-10-08
1190,iq,2005,41,4,2005-10-15
1191,iq,2005,42,3,2005-10-22
1192,iq,2005,43,3,2005-10-29
1193,iq,2005,44,5,2005-11-05
1194,iq,2005,45,6,2005-11-12
1195,iq,2005,46,14,2005-11-19
1196,iq,2005,47,3,2005-11-26
1197,iq,2005,48,7,2005-12-03
1198,iq,2005,49,11,2005-12-10
1199,iq,2005,50,2,2005-12-17
1200,iq,2005,51,6,2005-12-24
1201,iq,2006,52,8,2006-01-01
1202,iq,2006,1,25,2006-01-08
1203,iq,2006,2,21,2006-01-15
1204,iq,2006,3,10,2006-01-22
1205,iq,2006,4,28,2006-01-29
1206,iq,2006,5,39,2006-02-05
1207,iq,2006,6,20,2006-02-12
1208,iq,2006,7,24,2006-02-19
1209,iq,2006,8,28,2006-02-26
1210,iq,2006,9,26,2006-03-05
1211,iq,2006,10,8,2006-03-12
1212,iq,2006,11,9,2006-03-19
1213,iq,2006,12,12,2006-03-26
1214,iq,2006,13,18,2006-04-02
1215,iq,2006,14,9,2006-04-09
1216,iq,2006,15,9,2006-04-16
1217,iq,2006,16,6,2006-04-23
1218,iq,2006,17,6,2006-04-30
1219,iq,2006,18,8,2006-05-07
1220,iq,2006,19,5,2006-05-14
1221,iq,2006,20,7,2006-05-21
1222,iq,2006,21,6,2006-05-28
1223,iq,2006,22,5,2006-06-04
1224,iq,2006,23,3,2006-06-11
1225,iq,2006,24,1,2006-06-18
1226,iq,2006,25,0,2006-06-25
1227,iq,2006,26,1,2006-07-02
1228,iq,2006,27,2,2006-07-09
1229,iq,2006,28,3,2006-07-16
1230,iq,2006,29,2,2006-07-23
1231,iq,2006,30,2,2006-07-30
1232,iq,2006,31,2,2006-08-06
1233,iq,2006,32,2,2006-08-13
1234,iq,2006,33,2,2006-08-20
1235,iq,2006,34,4,2006-08-27
1236,iq,2006,35,0,2006-09-03
1237,iq,2006,36,6,2006-09-10
1238,iq,2006,37,3,2006-09-17
1239,iq,2006,38,2,2006-09-24
1240,iq,2006,39,6,2006-10-01
1241,iq,2006,40,2,2006-10-08
1242,iq,2006,41,7,2006-10-15
1243,iq,2006,42,4,2006-10-22
1244,iq,2006,43,6,2006-10-29
1245,iq,2006,44,6,2006-11-05
1246,iq,2006,45,2,2006-11-12
1247,iq,2006,46,13,2006-11-19
1248,iq,2006,47,10,2006-11-26
1249,iq,2006,48,5,2006-12-03
1250,iq,2006,49,2,2006-12-10
1251,iq,2006,50,0,2006-12-17
1252,iq,2006,51,1,2006-12-24
1253,iq,2007,1,0,2007-01-01
1254,iq,2007,2,14,2007-01-08
1255,iq,2007,3,6,2007-01-15
1256,iq,2007,4,10,2007-01-22
1257,iq,2007,5,5,2007-01-29
1258,iq,2007,6,12,2007-02-05
1259,iq,2007,7,9,2007-02-12
1260,iq,2007,8,5,2007-02-19
1261,iq,2007,9,11,2007-02-26
1262,iq,2007,10,2,2007-03-05
1263,iq,2007,11,6,2007-03-12
1264,iq,2007,12,7,2007-03-19
1265,iq,2007,13,6,2007-03-26
1266,iq,2007,14,5,2007-04-02
1267,iq,2007,15,9,2007-04-09
1268,iq,2007,16,5,2007-04-16
1269,iq,2007,17,8,2007-04-23
1270,iq,2007,18,3,2007-04-30
1271,iq,2007,19,4,2007-05-07
1272,iq,2007,20,11,2007-05-14
1273,iq,2007,21,5,2007-05-21
1274,iq,2007,22,8,2007-05-28
1275,iq,2007,23,4,2007-06-04
1276,iq,2007,24,3,2007-06-11
1277,iq,2007,25,1,2007-06-18
1278,iq,2007,26,2,2007-06-25
1279,iq,2007,27,3,2007-07-02
1280,iq,2007,28,4,2007-07-09
1281,iq,2007,29,1,2007-07-16
1282,iq,2007,30,8,2007-07-23
1283,iq,2007,31,5,2007-07-30
1284,iq,2007,32,3,2007-08-06
1285,iq,2007,33,2,2007-08-13
1286,iq,2007,34,7,2007-08-20
1287,iq,2007,35,1,2007-08-27
1288,iq,2007,36,6,2007-09-03
1289,iq,2007,37,7,2007-09-10
1290,iq,2007,38,5,2007-09-17
1291,iq,2007,39,2,2007-09-24
1292,iq,2007,40,6,2007-10-01
1293,iq,2007,41,11,2007-10-08
1294,iq,2007,42,6,2007-10-15
1295,iq,2007,43,3,2007-10-22
1296,iq,2007,44,11,2007-10-29
1297,iq,2007,45,11,2007-11-05
1298,iq,2007,46,5,2007-11-12
1299,iq,2007,47,4,2007-11-19
1300,iq,2007,48,9,2007-11-26
1301,iq,2007,49,23,2007-12-03
1302,iq,2007,50,28,2007-12-10
1303,iq,2007,51,26,2007-12-17
1304,iq,2007,52,7,2007-12-24
1305,iq,2008,1,29,2008-01-01
1306,iq,2008,2,58,2008-01-08
1307,iq,2008,3,26,2008-01-15
1308,iq,2008,4,38,2008-01-22
1309,iq,2008,5,35,2008-01-29
1310,iq,2008,6,37,2008-02-05
1311,iq,2008,7,20,2008-02-12
1312,iq,2008,8,29,2008-02-19
1313,iq,2008,9,25,2008-02-26
1314,iq,2008,10,23,2008-03-04
1315,iq,2008,11,9,2008-03-11
1316,iq,2008,12,3,2008-03-18
1317,iq,2008,13,6,2008-03-25
1318,iq,2008,14,6,2008-04-01
1319,iq,2008,15,3,2008-04-08
1320,iq,2008,16,1,2008-04-15
1321,iq,2008,17,3,2008-04-22
1322,iq,2008,18,1,2008-04-29
1323,iq,2008,19,1,2008-05-06
1324,iq,2008,20,0,2008-05-13
1325,iq,2008,21,2,2008-05-20
1326,iq,2008,22,1,2008-05-27
1327,iq,2008,23,1,2008-06-03
1328,iq,2008,24,0,2008-06-10
1329,iq,2008,25,0,2008-06-17
1330,iq,2008,26,1,2008-06-24
1331,iq,2008,27,0,2008-07-01
1332,iq,2008,28,3,2008-07-08
1333,iq,2008,29,3,2008-07-15
1334,iq,2008,30,1,2008-07-22
1335,iq,2008,31,5,2008-07-29
1336,iq,2008,32,2,2008-08-05
1337,iq,2008,33,5,2008-08-12
1338,iq,2008,34,5,2008-08-19
1339,iq,2008,35,5,2008-08-26
1340,iq,2008,36,9,2008-09-02
1341,iq,2008,37,17,2008-09-09
1342,iq,2008,38,19,2008-09-16
1343,iq,2008,39,25,2008-09-23
1344,iq,2008,40,45,2008-09-30
1345,iq,2008,41,34,2008-10-07
1346,iq,2008,42,63,2008-10-14
1347,iq,2008,43,44,2008-10-21
1348,iq,2008,44,50,2008-10-28
1349,iq,2008,45,35,2008-11-04
1350,iq,2008,46,16,2008-11-11
1351,iq,2008,47,16,2008-11-18
1352,iq,2008,48,13,2008-11-25
1353,iq,2008,49,9,2008-12-02
1354,iq,2008,50,15,2008-12-09
1355,iq,2008,51,4,2008-12-16
1356,iq,2008,52,0,2008-12-23
1357,iq,2009,1,1,2009-01-01
1358,iq,2009,2,10,2009-01-08
1359,iq,2009,3,11,2009-01-15
1360,iq,2009,4,29,2009-01-22
1361,iq,2009,5,35,2009-01-29
1362,iq,2009,6,30,2009-02-05
1363,iq,2009,7,20,2009-02-12
1364,iq,2009,8,21,2009-02-19
1365,iq,2009,9,12,2009-02-26
1366,iq,2009,10,9,2009-03-05
1367,iq,2009,11,11,2009-03-12
1368,iq,2009,12,9,2009-03-19
1369,iq,2009,13,5,2009-03-26
1370,iq,2009,14,11,2009-04-02
1371,iq,2009,15,3,2009-04-09
1372,iq,2009,16,5,2009-04-16
1373,iq,2009,17,5,2009-04-23
1374,iq,2009,18,4,2009-04-30
1375,iq,2009,19,4,2009-05-07
1376,iq,2009,20,1,2009-05-14
1377,iq,2009,21,0,2009-05-21
1378,iq,2009,22,2,2009-05-28
1379,iq,2009,23,3,2009-06-04
1380,iq,2009,24,3,2009-06-11
1381,iq,2009,25,5,2009-06-18
1382,iq,2009,26,2,2009-06-25
1383,iq,2009,27,1,2009-07-02
1384,iq,2009,28,2,2009-07-09
1385,iq,2009,29,0,2009-07-16
1386,iq,2009,30,0,2009-07-23
1387,iq,2009,31,3,2009-07-30
1388,iq,2009,32,5,2009-08-06
1389,iq,2009,33,5,2009-08-13
1390,iq,2009,34,7,2009-08-20
1391,iq,2009,35,5,2009-08-27
1392,iq,2009,36,2,2009-09-03
1393,iq,2009,37,2,2009-09-10
1394,iq,2009,38,2,2009-09-17
1395,iq,2009,39,0,2009-09-24
1396,iq,2009,40,2,2009-10-01
1397,iq,2009,41,1,2009-10-08
1398,iq,2009,42,1,2009-10-15
1399,iq,2009,43,2,2009-10-22
1400,iq,2009,44,2,2009-10-29
1401,iq,2009,45,3,2009-11-05
1402,iq,2009,46,9,2009-11-12
1403,iq,2009,47,5,2009-11-19
1404,iq,2009,48,5,2009-11-26
1405,iq,2009,49,4,2009-12-03
1406,iq,2009,50,4,2009-12-10
1407,iq,2009,51,1,2009-12-17
1408,iq,2009,52,0,2009-12-24
1409,iq,2010,1,10,2010-01-08
1410,iq,2010,2,9,2010-01-15
1411,iq,2010,3,17,2010-01-22
1412,iq,2010,4,16,2010-01-29
1413,iq,2010,5,11,2010-02-05
1414,iq,2010,6,12,2010-02-12
1415,iq,2010,7,19,2010-02-19
1416,iq,2010,8,15,2010-02-26
1417,iq,2010,9,12,2010-03-05
1418,iq,2010,10,12,2010-03-12
1419,iq,2010,11,16,2010-03-19
1420,iq,2010,12,9,2010-03-26
1421,iq,2010,13,4,2010-04-02
1422,iq,2010,14,9,2010-04-09
1423,iq,2010,15,6,2010-04-16
1424,iq,2010,16,8,2010-04-23
1425,iq,2010,17,4,2010-04-30
1426,iq,2010,18,2,2010-05-07
1427,iq,2010,19,7,2010-05-14
1428,iq,2010,20,6,2010-05-21
1429,iq,2010,21,5,2010-05-28
1430,iq,2010,22,8,2010-06-04
1431,iq,2010,23,1,2010-06-11
1432,iq,2010,24,1,2010-06-18
1433,iq,2010,25,4,2010-06-25
